{
    "minisat_hack_params_07": {
        "minisat_hack_params_07_simple_with_doc_1.params": 5.780896425247192,
        "minisat_hack_params_07_simple_with_doc_3.params": 5.340543031692505,
        "minisat_hack_params_07_simple_with_doc_4.params": 3.929814338684082,
        "minisat_hack_params_07_simple_with_doc_2.params": 3.9296226501464844,
        "minisat_hack_params_07_simple_with_doc_5.params": 5.740277528762817,
        "minisat_hack_params_07_with_cot_1.params": 4.778491973876953,
        "minisat_hack_params_07_with_cot_3.params": "All Failed",
        "minisat_hack_params_07_with_cot_4.params": 4.328763008117676,
        "minisat_hack_params_07_with_cot_2.params": 5.380918979644775,
        "minisat_hack_params_07_with_cot_5.params": "All Failed",
        "minisat_hack_params_07_simple_1.params": 2.7755110263824463,
        "minisat_hack_params_07_simple_3.params": 4.9306480884552,
        "minisat_hack_params_07_simple_4.params": 5.835804462432861,
        "minisat_hack_params_07_simple_5.params": 2.9269304275512695,
        "minisat_hack_params_07_with_hints_1.params": 2.6236040592193604,
        "minisat_hack_params_07_with_hints_3.params": 2.3230719566345215,
        "minisat_hack_params_07_with_hints_4.params": 2.478006362915039,
        "minisat_hack_params_07_with_hints_2.params": 3.7290427684783936,
        "minisat_hack_params_07_with_hints_5.params": 2.77392840385437,
        "minisat_hack_params_07_with_hints_and_doc_1.params": 2.372175693511963,
        "minisat_hack_params_07_with_hints_and_doc_3.params": 3.3247716426849365,
        "minisat_hack_params_07_with_hints_and_doc_4.params": 5.333545684814453,
        "minisat_hack_params_07_with_hints_and_doc_2.params": 2.523395538330078,
        "minisat_hack_params_07_with_hints_and_doc_5.params": "Failed",
        "minisat_hack_params_07_with_cot_and_doc_1.params": 3.429870367050171,
        "minisat_hack_params_07_with_cot_and_doc_3.params": 2.371274471282959,
        "minisat_hack_params_07_with_cot_and_doc_4.params": "Failed",
        "minisat_hack_params_07_with_cot_and_doc_2.params": "Failed",
        "minisat_hack_params_07_with_cot_and_doc_5.params": "Failed",
        "minisat_hack_params_07_simple_with_doc_1.params_all": [
            8.849657773971558,
            5.68769383430481,
            5.6887006759643555,
            5.734320163726807,
            5.738318920135498,
            6.3361029624938965,
            6.035163879394531,
            5.836107492446899,
            5.839369058609009,
            5.734730005264282,
            5.780896425247192
        ],
        "minisat_hack_params_07_simple_with_doc_3.params_all": [
            5.232139348983765,
            5.633261442184448,
            5.493774890899658,
            5.327959060668945,
            5.334199666976929,
            5.782522201538086,
            5.290799379348755,
            5.28900671005249,
            5.380254507064819,
            5.735311269760132,
            5.340543031692505
        ],
        "minisat_hack_params_07_simple_with_doc_4.params_all": [
            3.9867489337921143,
            3.8798344135284424,
            3.8796916007995605,
            3.9305026531219482,
            3.9304862022399902,
            3.9323925971984863,
            3.876566171646118,
            3.932504892349243,
            3.9293766021728516,
            3.929814338684082,
            3.928781747817993
        ],
        "minisat_hack_params_07_simple_with_doc_2.params_all": [
            3.9296226501464844,
            3.9274542331695557,
            3.930805206298828,
            3.9292402267456055,
            3.937392234802246,
            3.92958402633667,
            3.978834629058838,
            3.9262025356292725,
            3.9307801723480225,
            4.0853271484375,
            3.8827383518218994
        ],
        "minisat_hack_params_07_simple_with_doc_5.params_all": [
            5.744983196258545,
            5.683963060379028,
            5.641056776046753,
            5.738076448440552,
            5.74241042137146,
            5.691774606704712,
            5.740277528762817,
            5.785802364349365,
            5.888212203979492,
            6.03802752494812,
            5.6825761795043945
        ],
        "minisat_hack_params_07_with_cot_1.params_all": [
            4.7293171882629395,
            4.778491973876953,
            4.781847953796387,
            4.881175994873047,
            4.981024265289307,
            4.7800681591033936,
            4.728666305541992,
            4.728933334350586,
            4.6792824268341064,
            4.729268312454224,
            4.781766891479492
        ],
        "minisat_hack_params_07_with_cot_3.params_all": [
            "Failed start",
            "Failed start",
            "Failed start",
            "Failed start",
            "Failed start",
            "Failed start",
            "Failed start",
            "Failed start",
            "Failed start",
            "Failed start",
            "Failed start"
        ],
        "minisat_hack_params_07_with_cot_4.params_all": [
            4.329700231552124,
            4.280925512313843,
            4.429928541183472,
            4.579239130020142,
            4.328763008117676,
            4.333540201187134,
            4.2294602394104,
            4.328296422958374,
            4.277953147888184,
            4.581725358963013,
            4.230524301528931
        ],
        "minisat_hack_params_07_with_cot_2.params_all": [
            5.380918979644775,
            5.181121349334717,
            5.235162258148193,
            5.381887197494507,
            5.436908483505249,
            5.685842752456665,
            5.38136625289917,
            5.780462026596069,
            5.283060073852539,
            5.337506532669067,
            5.337544918060303
        ],
        "minisat_hack_params_07_with_cot_5.params_all": [
            "Failed start",
            "Failed start",
            "Failed start",
            "Failed start",
            "Failed start",
            "Failed start",
            "Failed start",
            "Failed start",
            "Failed start",
            "Failed start",
            "Failed start"
        ],
        "minisat_hack_params_07_simple_1.params_all": [
            2.827474355697632,
            2.7723681926727295,
            2.7761738300323486,
            2.7755110263824463,
            2.771716594696045,
            3.0241777896881104,
            2.77365779876709,
            2.771836280822754,
            2.8246009349823,
            2.823822259902954,
            2.7747256755828857
        ]
    }
}